vi,mut,vdW,eel,epb,npl,disp,dG_th,dG_exp
1,TROP-Y5H-ECCR,-1.66,-0.07,1.93,0.02,0.11,0.33,0.12
2,TROP-A8V-ECCR,0.85,-3.58,2,0,-0.16,-0.89,-0.1
3,TROP-F20Q-ECCR,4.59,-8.44,2.42,-0.01,-0.25,-1.68,-0.41
4,TROP-A23Q-ECCR,4.4,-7.62,2.09,-0.01,-0.26,-1.41,-1.03
5,TROP-L29Q-ECCR,3.23,-5.24,1.79,-0.01,-0.3,-0.53,-0.33
6,TROP-A31S-ECCR,-1.46,-0.04,1.09,0.01,0.06,-0.34,-0.37
7,TROP-S37G-ECCR,3.44,-5.78,2.43,-0.01,-0.29,-0.21,-0.11
8,TROP-E40A-ECCR,-0.7,2.19,-0.43,0.02,-0.09,1,0.69
9,TROP-V44Q-ECCR,2.32,-4.32,0.82,-0.01,-0.26,-1.45,-1.63
10,TROP-M45Q-ECCR,1.91,-5.08,2.45,0,-0.26,-0.99,-0.9
11,TROP-L48Q-ECCR,3.26,-5.36,1.77,-0.01,-0.3,-0.65,-1.07
12,TROP-Q50R-ECCR,3.13,-3.71,-0.35,-0.01,-0.26,-1.2,-0.75
13,TROP-L57Q-ECCR,-6.5,9,-2.46,0.26,0.39,0.68,0.57
14,TROP-E59D-ECCR,-2.8,2.51,-0.13,0.01,0.26,-0.16,0.33
15,TROP-I61Q-ECCR,3.02,-2.88,0.01,-0.01,-0.28,-0.14,1.17
16,TROP-D67A-ECCR,-1.11,5.21,-3.07,0.10,-0.14,0.99,1.47    
17,TROP-D73A-ECCR,-2.34,9.51,-5.97,0.03,-0.06,1.17,1.47
18,TROP-D73N-ECCR,2.12,4.31,-5.54,-0.01,-0.29,0.6,0.87
19,TROP-D75Y-ECCR,-2.79,1.86,2.08,0.12,0.02,1.29,0.42
20,TROP-V79Q-ECCR,2.44,-1.22,-1.75,-0.01,-0.28,-0.82,-0.07
21,TROP-M81Q-ECCR,-2.27,2.59,-0.64,0.03,0.08,-0.21,-0.72
22,TROP-C84Y-ECCR,1.76,-4.25,1.78,-0.01,-0.25,-0.97,-0.81
23,TROP-D87A-ECCR,-0.57,2.22,-1.43,0.01,-0.07,0.16,0.29
24,TROP-D88A-ECCR,-2.52,-0.46,3.04,0.03,0.09,0.18,0.29
